Book,Id,PageRank
鸳鸯刀,花剑影,0.4985553788239647
鸳鸯刀,逍遥子,0.5784213645161882
射雕英雄传,祁志诚,0.20797100835113871
射雕英雄传,沈青刚,0.11714269848213013
射雕英雄传,沙通天,1.823202263266693
射雕英雄传,程瑶迦,0.69720795792646
射雕英雄传,天竺僧人,0.0876060399511932
射雕英雄传,穆念慈,1.3213313445634454
射雕英雄传,丘处机,4.709964691968682
射雕英雄传,枯木,0.13195797264654294
射雕英雄传,窝阔台,0.5626865902749589
射雕英雄传,马钰,1.9933543407474177
射雕英雄传,梁子翁,1.4202107141699483
射雕英雄传,陆冠英,1.1545169666513126
射雕英雄传,张十五,0.050364463614312405
射雕英雄传,梁长老,0.2540615572416647
射雕英雄传,童大海,0.018111023361285825
射雕英雄传,洪七公,3.879316453817984
射雕英雄传,乔寨主,0.010981192569830907
射雕英雄传,忽都虎,0.02145548684711102
射雕英雄传,简管家,0.09311544445077981
射雕英雄传,简长老,0.3776358614091244
射雕英雄传,一灯大师,1.4139876214368745
射雕英雄传,渔人,0.4519556108405
射雕英雄传,柯镇恶,3.3203143752472375
射雕英雄传,陈玄风,0.5901184044041458
射雕英雄传,华筝,1.2491435074496444
射雕英雄传,者勒米,0.09990551624553429
射雕英雄传,札木合,0.5875215959045638
射雕英雄传,南希仁,1.178127479587303
射雕英雄传,灵智上人,0.7939134863016526
射雕英雄传,周伯通,4.161091045822174
射雕英雄传,黎生,0.2756394726299601
射雕英雄传,曲傻姑,0.01436751183867735
射雕英雄传,术赤,0.49381288480939756
射雕英雄传,焦木和尚,0.07465353271713543
射雕英雄传,崔志方,0.0729429395054927
射雕英雄传,桑昆,0.6943645610656292
射雕英雄传,尹志平,2.2351451301064755
射雕英雄传,陆乘风,0.5448030154642847
射雕英雄传,余兆兴,0.09294574286895088
射雕英雄传,包惜弱,0.48168545174905825
射雕英雄传,吴青烈,0.10646564505936312
射雕英雄传,胖丐,0.09297672377611159
射雕英雄传,博尔忽,0.4208435597919196
射雕英雄传,王处一,1.6770523028868085
射雕英雄传,侯通海,1.2340652778189463
射雕英雄传,王志坦,0.32713762472210073
射雕英雄传,李志常,0.47681236818774386
射雕英雄传,梅超风,2.510932745150926
射雕英雄传,察合台,0.4299540450525751
射雕英雄传,博尔术,0.4892812136719751
射雕英雄传,王罕,0.6623170311739225
射雕英雄传,谭处端,0.6002870132944341
射雕英雄传,赵志敬,2.212801618975594
射雕英雄传,朱聪,2.821120042472731
射雕英雄传,樵子,0.45918304817756533
射雕英雄传,欧阳克,2.297282982625995
射雕英雄传,完颜洪熙,0.32033387406754754
射雕英雄传,完颜洪烈,2.3751726630335184
射雕英雄传,木华黎,0.403005211357708
射雕英雄传,瘦丐,0.1403039240241239
射雕英雄传,胖妇人,0.014476228433939498
射雕英雄传,宋德方,0.20915276791660886
射雕英雄传,铁木真,1.172712684750084
射雕英雄传,钱青健,0.14229883779299932
射雕英雄传,萨多,0.036304900252754416
射雕英雄传,李萍,0.38664136246120967
射雕英雄传,韩小莹,1.9658810702628187
射雕英雄传,韩宝驹,1.734673417735221
射雕英雄传,赤老温,0.16422693943857336
射雕英雄传,黄蓉,15.036312348481562
射雕英雄传,黄药师,5.140737611245747
射雕英雄传,全金发,1.6638301219066804
射雕英雄传,段天德,0.5189827989517047
射雕英雄传,曲三,0.08200454048030592
射雕英雄传,彭长老,0.36384264084291074
射雕英雄传,杨康,2.585680308741692
射雕英雄传,彭连虎,1.97294899935187
射雕英雄传,裘千仞,1.663417929787709
射雕英雄传,盖运聪,0.014225243434001049
射雕英雄传,都史,0.4697655933721652
射雕英雄传,郭靖,17.79326262426621
射雕英雄传,张阿生,0.8493461462271161
射雕英雄传,鲁有脚,1.1068902028495322
射雕英雄传,汤祖德,0.06769315753736026
射雕英雄传,杨铁心,1.0481656330128504
射雕英雄传,郭啸天,0.49193651482497525
射雕英雄传,裘千丈,0.19889497760887778
射雕英雄传,郝大通,1.3417105793302058
射雕英雄传,吕文德,0.21215497855167517
射雕英雄传,孙不二,0.9668497229057346
射雕英雄传,哑梢公,0.04336509126485819
射雕英雄传,姜文,0.014225243434001047
射雕英雄传,马青雄,0.1350398957770989
射雕英雄传,拖雷,1.5324610357308126
射雕英雄传,刘处玄,0.7277633062220253
神雕侠侣,小王将军,0.07622906215677859
神雕侠侣,陈大方,0.19261068130832007
书剑恩仇录,瑞大林,1.1119507321079496
书剑恩仇录,吴国栋,0.5797263424896071
书剑恩仇录,蒋四根,1.836623633768534
书剑恩仇录,蒋天寿,0.14401620636443124
书剑恩仇录,袁士霄,1.1887170136240857
书剑恩仇录,晴画,0.02723700687459948
书剑恩仇录,乾隆皇帝,0.2555861886679436
书剑恩仇录,于万亭,0.4184850755584989
书剑恩仇录,马敬侠,0.22042750292362412
书剑恩仇录,忽伦大虎,0.12790708862321365
书剑恩仇录,万庆澜,0.6967942405322202
书剑恩仇录,忽伦四虎,0.05833423038353029
书剑恩仇录,马大挺,0.3685853335188706
书剑恩仇录,马善均,0.7219314174034649
书剑恩仇录,无常鬼,0.28066970916900813
书剑恩仇录,梅良鸣,0.1133474333273724
书剑恩仇录,上官毅山,0.23545658342438308
书剑恩仇录,忽伦二虎,0.04766695790602539
书剑恩仇录,朱祖荫,0.3399736976440759
书剑恩仇录,忽伦三虎,0.03162955493489494
书剑恩仇录,心砚,4.224831370658564
书剑恩仇录,顾金标,1.554098785147427
书剑恩仇录,韩春霖,0.21047847201543862
书剑恩仇录,德鄂,0.0159513388279754
书剑恩仇录,韩文冲,1.0501548929767368
书剑恩仇录,德布,0.19868635835860135
书剑恩仇录,徐天宏,7.00634698338182
书剑恩仇录,彭三春,0.36026670069125627
书剑恩仇录,汪浩天,0.17035722119346056
书剑恩仇录,霍青桐,4.394180486257494
书剑恩仇录,霍阿伊,0.46834770208765036
书剑恩仇录,张安官,0.054284292981708615
书剑恩仇录,张召重,5.090738575144332
书剑恩仇录,无尘道长,0.5802494514808123
书剑恩仇录,老王,0.2618609869446322
书剑恩仇录,曹司朋,0.1761445671452483
书剑恩仇录,龙骏,0.22596484407694073
书剑恩仇录,平旺先,0.12267519224885229
书剑恩仇录,陈正德,1.6022533251313573
书剑恩仇录,陈家洛,11.484810765197027
书剑恩仇录,常赫志,1.1178663394612902
书剑恩仇录,无尘道人,0.6097694055080042
书剑恩仇录,常伯志,1.0379526158798424
书剑恩仇录,焦文期,0.4632848593163085
书剑恩仇录,木卓伦,1.5481724371693066
书剑恩仇录,陆菲青,5.239929676031825
书剑恩仇录,尹章垓,0.03595363362693129
书剑恩仇录,玉如意,0.28636132599824127
书剑恩仇录,余鱼同,5.434052234563907
书剑恩仇录,李可秀,1.8126134157244242
书剑恩仇录,方有德,0.19908704074115818
书剑恩仇录,阿凡提,0.6620568340710524
书剑恩仇录,王维扬,1.30638684219376
书剑恩仇录,瑞芳,0.0434677716450175
书剑恩仇录,李沅芷,3.815859369031138
书剑恩仇录,阎世魁,0.18295027794891056
书剑恩仇录,阎世章,0.5863433407921105
书剑恩仇录,元伤,0.11918247897884737
书剑恩仇录,元悲,0.11918247897884741
书剑恩仇录,元痛,0.11918247897884739
书剑恩仇录,钱正伦,0.451572969653969
书剑恩仇录,宋天保,0.3602450835572092
书剑恩仇录,宋善朋,0.5124499902737202
书剑恩仇录,兆惠,0.9851580829427565
书剑恩仇录,文泰来,6.879130857958803
书剑恩仇录,教长,0.03354712300981957
书剑恩仇录,关明梅,1.174869207219244
书剑恩仇录,冯辉,0.28092388408035013
书剑恩仇录,白振,1.1662698871125559
书剑恩仇录,安健刚,1.4602885732769768
书剑恩仇录,孟健雄,2.3416203674779776
书剑恩仇录,孙老三,0.1047108065984353
书剑恩仇录,杨成协,2.3635576106197735
书剑恩仇录,石双英,1.7872828405063859
书剑恩仇录,孙克通,0.059861744255739625
书剑恩仇录,凯别兴,0.11809206926487431
书剑恩仇录,曹能,0.1404370143754575
书剑恩仇录,天镜,0.4536058920197142
书剑恩仇录,天虹禅师,0.10733616499834145
书剑恩仇录,大苦,0.3433509771641111
书剑恩仇录,戴永明,0.21485165845079882
书剑恩仇录,章进,4.155158934001679
书剑恩仇录,童兆和,1.254340754104596
书剑恩仇录,迟玄,0.07097519976019745
书剑恩仇录,大癫,0.2650847011883395
书剑恩仇录,大痴,0.2714996217383058
书剑恩仇录,纳斯尔丁,0.05295248904596778
书剑恩仇录,罗信,0.08529115354453742
书剑恩仇录,褚圆,0.27928565160423874
书剑恩仇录,成璜,0.9489725827080954
书剑恩仇录,赵半山,5.926273981088076
书剑恩仇录,桑拉巴,0.09116611563806273
书剑恩仇录,喀丝丽,0.4662158724320444
书剑恩仇录,曾图南,0.46051997814927603
书剑恩仇录,唐六爷,0.06390238139885737
书剑恩仇录,哈合台,1.490690242526475
书剑恩仇录,和尔大,0.1929824653992307
书剑恩仇录,贝人龙,0.10669795507327734
书剑恩仇录,呼音克,0.02933613243897581
书剑恩仇录,周阿三,0.0860467503783067
书剑恩仇录,周英杰,0.3787657184374734
书剑恩仇录,胡老爷,0.09037308509438481
书剑恩仇录,周绮,5.337414109417281
书剑恩仇录,周大奶奶,0.6949168181354795
书剑恩仇录,言伯乾,0.8613521651149826
书剑恩仇录,卫春华,4.698297170882963
书剑恩仇录,周仲英,4.7190561332128205
书剑恩仇录,覃天丞,0.2856603025775735
书剑恩仇录,书僮,0.593688727646638
书剑恩仇录,范中恩,0.2703765906313962
书剑恩仇录,骆冰,6.753016297765068
雪山飞狐,陶子安,0.8842688718495872
雪山飞狐,静智大师,0.011913658741629331
雪山飞狐,周云阳,0.5448669769768112
鹿鼎记,张勇,0.8385248305438849
鹿鼎记,罕贴摩,0.3738318291139588
鹿鼎记,曾柔,1.0639613660465541
鹿鼎记,齐洛诺夫,0.2149787546173066
鹿鼎记,齐元凯,0.06355336120612795
鹿鼎记,黄甫,0.1590664191459182
鹿鼎记,黄宗羲,0.27157762854776824
鹿鼎记,鳌拜,2.822094089902907
鹿鼎记,高里津,0.23210279296083716
鹿鼎记,九难,1.697131801428589
鹿鼎记,马齐,0.07941372345098517
鹿鼎记,马超兴,1.0375206120778728
鹿鼎记,马宝,0.15128774253765237
鹿鼎记,于八,0.11902990151769526
鹿鼎记,马喇,0.09528081663966738
鹿鼎记,马博仁,0.3090538583453325
鹿鼎记,云素梅,0.015859461711636803
鹿鼎记,马佑,0.2970988014608087
鹿鼎记,风际中,2.1891858096638637
鹿鼎记,顾炎武,0.8659283182195102
鹿鼎记,韦春花,0.00794472028612031
鹿鼎记,韦小宝,40.26228189834426
鹿鼎记,雷一啸,0.19004520473361614
鹿鼎记,陶红英,0.6524836845137951
鹿鼎记,陈近南,5.055485831332619
鹿鼎记,陈圆圆,1.441946194988815
鹿鼎记,陆高轩,1.6665189625488028
鹿鼎记,佟国纲,0.38839462073874165
鹿鼎记,阿济赤,0.19868697905716412
鹿鼎记,阿尔尼,0.07938720072784972
鹿鼎记,元义方,0.3182240999081931
鹿鼎记,钱老本,1.865584835601424
鹿鼎记,钟志灵,0.015842432390532585
鹿鼎记,关安基,1.0819311570297196
鹿鼎记,冯锡范,1.9142438053429647
鹿鼎记,净济,0.1996505602004578
鹿鼎记,净清,0.14394001244172974
鹿鼎记,刘一舟,1.4960520078664468
鹿鼎记,郑克爽,3.1691675598385594
鹿鼎记,邝天雄,0.17518005960307564
鹿鼎记,邓炳春,0.07034857047193452
鹿鼎记,劳太监,0.00794472028612031
鹿鼎记,路副将,0.06347589686454913
鹿鼎记,赵齐贤,1.001649469098799
鹿鼎记,赵良栋,0.8174165900229664
鹿鼎记,华伯斯基,0.2069838476943972
鹿鼎记,贾老六,0.23809090861650234
鹿鼎记,费要多罗,0.5808898703438955
鹿鼎记,南怀仁,0.2225198287044706
鹿鼎记,卢一峰,0.5471715021840399
鹿鼎记,许雪亭,0.4198235168457757
鹿鼎记,卫周祚,0.023930415970278417
鹿鼎记,双儿,4.911744357562581
鹿鼎记,西奥图三世,0.02469566625818989
鹿鼎记,史松,0.23003281537213363
鹿鼎记,司徒伯雷,0.47780837009859656
鹿鼎记,行颠,0.4278253748581172
鹿鼎记,行痴,0.7195470124817928
鹿鼎记,司徒鹤,0.349724766309544
鹿鼎记,蕊初,0.15880942728899308
鹿鼎记,蔡德忠,0.15155241461198238
鹿鼎记,吕毅中,0.03195275553550472
鹿鼎记,吕留良,0.48583872859494354
鹿鼎记,吕葆中,0.02397289284749866
鹿鼎记,吴三桂,9.698845433691794
鹿鼎记,吴之荣,1.3437074390825778
鹿鼎记,吴六奇,1.925212112677199
鹿鼎记,葛通,0.06358840497754423
鹿鼎记,葛尔丹,1.3064264561681351
鹿鼎记,菊芳,0.03177888114448124
鹿鼎记,吴大鹏,0.2540222770645512
鹿鼎记,茅十八,1.6678109748722698
鹿鼎记,吴应熊,2.7208563028017805
鹿鼎记,吴立身,1.8730248050362723
鹿鼎记,苏辙,0.016041088985206245
鹿鼎记,苏菲亚,1.0825721961918857
鹿鼎记,苏荃,1.0478734477030032
鹿鼎记,苏冈,0.9180146510318922
鹿鼎记,舒化龙,0.07952572053573476
鹿鼎记,胡逸之,0.3372232999808069
鹿鼎记,呼巴音,0.17292724474561905
鹿鼎记,胖头陀,2.317000722593229
鹿鼎记,图尔布青,0.12726788060606012
鹿鼎记,图海道,0.03271012729857792
鹿鼎记,老吴,0.17170927163967645
鹿鼎记,索额图,2.021609478754419
鹿鼎记,夏国相,0.5261314630640105
鹿鼎记,米思翰,0.0238421759127982
鹿鼎记,多隆,1.239695338701253
鹿鼎记,章老三,0.23794926982322723
鹿鼎记,程维藩,0.06400177518740566
鹿鼎记,太皇太后,0.09454721595918773
鹿鼎记,神照上人,0.007947781031703896
鹿鼎记,姚春,0.3249006494826299
鹿鼎记,祁清彪,0.40571332668529764
鹿鼎记,孙思克,0.7336011835976298
鹿鼎记,皇甫阁,0.354762978403566
鹿鼎记,白寒枫,1.3013825058234036
鹿鼎记,白寒松,0.4437170892012758
鹿鼎记,瘦头陀,1.0826322065531115
鹿鼎记,瑞栋,0.5317669914775521
鹿鼎记,王进宝,0.8658058608192223
鹿鼎记,富春,0.15894599608813537
鹿鼎记,王潭,0.13490332113384806
鹿鼎记,王武通,0.4043972387097653
鹿鼎记,对喀纳,0.023930415970278417
鹿鼎记,小桂子,2.9742921039528905
鹿鼎记,崔瞎子,0.13488687145823913
鹿鼎记,巴颜法师,0.007910698548302017
鹿鼎记,澄通,0.2061389578075981
鹿鼎记,澄识,0.10391070495748442
鹿鼎记,澄观,0.9763129677607233
鹿鼎记,澄心,0.4125509746368436
鹿鼎记,澄光,0.7205998238655591
鹿鼎记,平威,0.10951123455525871
鹿鼎记,温有道,0.2369423432573532
鹿鼎记,温有方,0.3155254331655173
鹿鼎记,庄允城,0.13511445248267548
鹿鼎记,庄夫人,0.2302240350150659
鹿鼎记,建宁公主,1.0261944052393195
鹿鼎记,海大富,0.03169832316269979
鹿鼎记,洪朝,0.4367162282245818
鹿鼎记,洪安通,0.09538610526550083
鹿鼎记,张妈,0.09066865493536808
鹿鼎记,沐剑屏,2.889137627572216
鹿鼎记,沐剑声,1.1676904494540605
鹿鼎记,张康年,1.1858329554994527
鹿鼎记,汤若望,0.28600467902777765
鹿鼎记,张淡月,0.3325417960951982
鹿鼎记,江百胜,0.015856769245807166
鹿鼎记,归钟,1.1551483197172707
鹿鼎记,彭参将,0.04764944060985488
鹿鼎记,殷锦,0.277182856370436
鹿鼎记,彼得,0.5779895122558785
鹿鼎记,徐天川,3.875078373693643
鹿鼎记,心溪,0.16475447178846028
鹿鼎记,樊纲,1.3668201406161977
鹿鼎记,慕天颜,0.4239334226452642
鹿鼎记,桑结,1.4488829003477088
鹿鼎记,柳燕,0.41218878569298567
鹿鼎记,柳大洪,1.4464895719111193
鹿鼎记,林永超,0.07994249156149888
鹿鼎记,林兴珠,0.938180924462714
鹿鼎记,杰书,0.15987552262608448
鹿鼎记,杨溢之,0.8802040566951828
鹿鼎记,敖彪,0.6830957942566221
鹿鼎记,杜立德,0.05565317948532402
鹿鼎记,李西华,0.711368073789711
鹿鼎记,李自成,2.2581305857254383
鹿鼎记,方怡,3.109974861492535
鹿鼎记,李式开,0.03205264874871382
鹿鼎记,李力世,1.6810689224899875
鹿鼎记,施琅,2.0888978938152403
鹿鼎记,昌齐,0.0714889593511251
鹿鼎记,晦聪禅师,0.10489822886480986
神雕侠侣,百草仙,0.11812840248059576
神雕侠侣,韩无垢,0.060411908529935165
神雕侠侣,九死生,0.03781501870863336
神雕侠侣,人厨子,0.07721706703780555
神雕侠侣,圣因师太,0.11410486000862674
神雕侠侣,张一氓,0.09029850112982081
鸳鸯刀,袁夫人,0.2475950464084407
鸳鸯刀,杨中慧,0.09457788987715916
鸳鸯刀,周威信,0.8609925296120301
鸳鸯刀,任飞燕,1.304957049273971
鸳鸯刀,萧半和,0.5859039755766833
鸳鸯刀,卓天雄,1.3979416754162504
鸳鸯刀,袁冠南,1.2165343519190577
鸳鸯刀,萧中慧,1.4831269291879063
鸳鸯刀,林玉龙,1.363820295483256
倚天屠龙记,郝密,0.017741192076646185
倚天屠龙记,阳顶天,0.5670068072427898
倚天屠龙记,摩诃巴思,0.07110110033394533
倚天屠龙记,李四摧,0.1841167533843973
倚天屠龙记,宗维侠,0.5350164870054697
倚天屠龙记,天鸣方丈,0.03946200102187089
倚天屠龙记,班淑娴,1.0064562086992972
倚天屠龙记,张无忌,23.776066281047232
倚天屠龙记,张松溪,2.2789986960521107
倚天屠龙记,王难姑,0.4086290410922655
倚天屠龙记,静慧,0.24255382921606916
倚天屠龙记,汤和,0.5460327860835347
倚天屠龙记,刚相,0.005952569796279635
倚天屠龙记,张翠山,5.415842291923631
倚天屠龙记,静照,0.10080027649661945
倚天屠龙记,鹤笔翁,1.0894630120533901
倚天屠龙记,静玄师太,0.37278616078001636
倚天屠龙记,宫九佳,0.2266967929578019
倚天屠龙记,圆音,0.3505967922880091
倚天屠龙记,殷野王,1.0295595669925521
倚天屠龙记,殷素素,2.983941199731685
倚天屠龙记,殷离,1.6008061161592755
倚天屠龙记,殷梨亭,4.27401916061551
倚天屠龙记,殷无福,0.23802371738876943
倚天屠龙记,殷无禄,0.20233959056100087
倚天屠龙记,殷无寿,0.1784297511168948
倚天屠龙记,殷天正,2.7009085327749647
倚天屠龙记,彭莹玉,2.0847350700777585
倚天屠龙记,静空,0.0474374598824319
倚天屠龙记,静虚师太,0.1660618322490174
倚天屠龙记,朱长龄,0.8084997560737879
倚天屠龙记,静迦,0.08913242557240467
倚天屠龙记,韦一笑,3.422916484379028
倚天屠龙记,武青婴,0.6962850489405548
倚天屠龙记,武烈,0.5612485244968134
倚天屠龙记,鹿杖客,1.4780573030925346
倚天屠龙记,徐达,1.1351646350054652
倚天屠龙记,韩千叶,0.09454838806576833
倚天屠龙记,德成,0.021937497964963543
倚天屠龙记,欧阳牧之,0.07223822961685969
倚天屠龙记,阿三,0.5502897944206151
倚天屠龙记,韩林儿,0.8517021865171335
倚天屠龙记,俱明宝树王,0.01778028345718583
倚天屠龙记,太虚子,0.011854415737523829
倚天屠龙记,杨夫人,0.2015747793281654
倚天屠龙记,阿二,0.4615721814897028
倚天屠龙记,叶长青,0.017881000354724612
倚天屠龙记,司徒千钟,0.3594013452070594
倚天屠龙记,五姑,0.36721467116505246
倚天屠龙记,云鹤,0.2771333401283176
倚天屠龙记,察罕特穆尔,0.02967583935170086
倚天屠龙记,俞岱岩,2.262326274617196
倚天屠龙记,邓愈,0.3865614839574918
倚天屠龙记,妙风使,0.5748659087599781
倚天屠龙记,祝镖头,0.07469578049598023
倚天屠龙记,薛公远,0.37173406401740855
倚天屠龙记,寿南山,0.09482318122712866
倚天屠龙记,辉月使,0.47960525609635124
倚天屠龙记,马法通,0.11258840213160766
倚天屠龙记,纪晓芙,2.1539291245580388
倚天屠龙记,封坛主,0.12495088692553354
倚天屠龙记,小凤,0.08141586199335034
倚天屠龙记,王八衰,0.052002842952190785
倚天屠龙记,高则成,0.32167901548507355
倚天屠龙记,蒋涛,0.28598876463740297
倚天屠龙记,史红石,0.2767229106435428
倚天屠龙记,掌棒龙头,0.7176245712668456
倚天屠龙记,王保保,0.4569867021129146
倚天屠龙记,成昆,1.7610649779601935
倚天屠龙记,朱元璋,1.2594979168458345
倚天屠龙记,吴六破,0.07000244050753021
倚天屠龙记,史火龙,0.9316768554058059
倚天屠龙记,吴劲草,0.2847078381429927
倚天屠龙记,祁天彪,0.2803240021616809
倚天屠龙记,西华子,0.6897620383284275
倚天屠龙记,高老者,0.4322937718894737
倚天屠龙记,莫声谷,1.8467482431745215
倚天屠龙记,姚清泉,0.222443566653018
倚天屠龙记,乔福,0.07030570839349462
倚天屠龙记,范遥,2.324418065190187
倚天屠龙记,小昭,2.1498130838170173
倚天屠龙记,吴祯,0.11694505689947708
倚天屠龙记,空闻,2.3066644902949687
倚天屠龙记,孙三毁,0.1901054219205222
倚天屠龙记,吴良,0.17911999349481492
倚天屠龙记,空见,1.3650718379241165
倚天屠龙记,卫璧,0.7115115217846045
倚天屠龙记,周五输,0.05200284295219079
倚天屠龙记,觉远大师,0.3023681757636625
倚天屠龙记,郑长老,0.24402806508952654
倚天屠龙记,乌旺阿普,0.14232190330428274
倚天屠龙记,冷谦,0.47888987825867774
倚天屠龙记,苏梦清,0.01775086904305538
倚天屠龙记,卫天望,0.11502580886547145
倚天屠龙记,小玲,0.03635951952054149
倚天屠龙记,过三拳,0.16657025109465762
倚天屠龙记,庄铮,0.08296094825532051
倚天屠龙记,鲜于通,0.34674659834538074
倚天屠龙记,方天劳,0.1250803741637397
倚天屠龙记,平等宝树王,0.08737004144819603
倚天屠龙记,钱二败,0.18959628023441905
倚天屠龙记,邵燕,0.03554744904873494
倚天屠龙记,麦鲸,0.19623607915811656
倚天屠龙记,辛然,0.148388729378253
倚天屠龙记,掌钵龙头,0.6746065880251376
倚天屠龙记,金花婆婆,2.2375379255072443
倚天屠龙记,常金鹏,0.4643884706690755
倚天屠龙记,常遇春,1.6541224035239477
倚天屠龙记,传功长老,0.8916692239407186
倚天屠龙记,潘天耕,0.1717801466795585
倚天屠龙记,常胜宝树王,0.005928348857934612
倚天屠龙记,唐文亮,0.4215323887677028
倚天屠龙记,方东白,0.10421777279066562
倚天屠龙记,杜百当,0.18370180862770458
倚天屠龙记,白熊,0.023783709107053994
倚天屠龙记,灭绝师太,3.138900450182142
倚天屠龙记,陈友谅,2.1300000500756466
倚天屠龙记,常敬之,0.2373175108206449
倚天屠龙记,圆真,2.0521549574648423
倚天屠龙记,圆业,0.24970776545592918
倚天屠龙记,夏胄,0.23290774733196667
倚天屠龙记,麦少帮主,0.14296964341979768
倚天屠龙记,白龟寿,0.5699173109107054
倚天屠龙记,赵敏,8.076151298543945
倚天屠龙记,赵一伤,0.1896074795502873
倚天屠龙记,唐洋,0.04743812334683088
倚天屠龙记,何太冲,2.1028997081877
倚天屠龙记,季长老,0.16072967189933102
倚天屠龙记,贺老三,0.06561886342996932
倚天屠龙记,杨不悔,2.0780422820802844
倚天屠龙记,哈总管,0.11328933841618662
倚天屠龙记,贝锦仪,0.356095292808714
倚天屠龙记,何足道,1.6030657221512774
倚天屠龙记,杨逍,6.438369739226479
倚天屠龙记,空性,1.2475180422562187
倚天屠龙记,易三娘,0.24295878407538554
倚天屠龙记,谢逊,7.600094751437912
倚天屠龙记,朱九真,0.8122747077986139
倚天屠龙记,周颠,2.7014812704731703
倚天屠龙记,胡夫人,0.14635926249118125
倚天屠龙记,胡德第,0.014040226439382405
倚天屠龙记,卜泰,0.0355013280031364
倚天屠龙记,说不得,0.4847269245705838
倚天屠龙记,周芷若,6.859806627774629
倚天屠龙记,卫四娘,0.2437993883785817
倚天屠龙记,都大锦,0.6187131172629685
倚天屠龙记,胡青牛,1.683338863883418
倚天屠龙记,胡青羊,0.04195567308307781
倚天屠龙记,孟正鸿,0.07839749652656608
倚天屠龙记,矮老者,0.38691314542440114
倚天屠龙记,空智,2.6540178870536817
倚天屠龙记,花云,0.2716170693758299
倚天屠龙记,詹春,0.3252585991747038
倚天屠龙记,小虹,0.03635951952054149
倚天屠龙记,苏习之,0.1892578443046318
倚天屠龙记,执法长老,1.3363173614284922
倚天屠龙记,邵鹤,0.10666606176786515
倚天屠龙记,渡难,0.874430757878832
倚天屠龙记,渡厄,1.214269055610029
倚天屠龙记,渡劫,0.9438602844720535
倚天屠龙记,丁敏君,1.3068871902228891
倚天屠龙记,张三丰,4.956480617558093
倚天屠龙记,流云使,0.43407079684032407
倚天屠龙记,张中,0.08919025961494968
倚天屠龙记,元广波,0.11293741480127972
倚天屠龙记,齐心宝树王,0.01778028345718583
倚天屠龙记,秦老五,0.04151367548824553
倚天屠龙记,闻苍松,0.1130592097293348
倚天屠龙记,郑七灭,0.0520028429521908
倚天屠龙记,泉建男,0.06191326415206352
倚天屠龙记,程坛主,0.1011741581682472
倚天屠龙记,宋青书,2.4458516015764395
倚天屠龙记,刘敖,0.03611915655134875
倚天屠龙记,宋远桥,3.541255744969206
雪山飞狐,田青文,0.8093048474007767
雪山飞狐,曹云奇,1.407528950851381
雪山飞狐,熊元献,0.400772846287887
雪山飞狐,殷吉,0.364324360815029
雪山飞狐,郑三娘,0.4217508943739591
笑傲江湖,解风,0.18548395998045517
笑傲江湖,齐堂主,0.018860815945364318
笑傲江湖,绿竹翁,0.6497700887973359
笑傲江湖,乐厚,0.24123853746836896
笑傲江湖,林震南,1.4209974959062956
笑傲江湖,林远图,0.28191607621985326
笑傲江湖,米为义,0.22035171155481714
笑傲江湖,劳德诺,2.5968759024967634
笑傲江湖,辛国梁,0.2832710187599237
笑傲江湖,夏老拳师,0.050446932558887936
笑傲江湖,童百熊,0.4525153274551974
笑傲江湖,邓八公,0.21325196952948955
笑傲江湖,上官,0.664007621846311
笑傲江湖,刘菁,0.018948372896304595
笑傲江湖,刘芹,0.018883031804442573
笑傲江湖,刘正风,2.188353932579529
笑傲江湖,天乙道人,0.031402219889298234
笑傲江湖,天松道人,0.18254543068360954
笑傲江湖,天门道人,1.3113293985318768
笑傲江湖,秃笔翁,1.068095938260955
笑傲江湖,林平之,5.948102285694777
笑傲江湖,黑白子,1.601037528726638
笑傲江湖,易国梓,0.17636477827905975
笑傲江湖,祖千秋,1.5596081782319382
笑傲江湖,郑萼,1.098807209793116
笑傲江湖,郑镖头,0.3219342082137738
笑傲江湖,冲虚道长,1.18736365551999
笑傲江湖,季镖头,0.1584968380698842
笑傲江湖,宁中则,0.10729234652094767
笑傲江湖,冲虚,2.77506288128953
笑傲江湖,杨莲亭,0.8778884581768692
笑傲江湖,白二,0.24290891170231427
笑傲江湖,钟镇,0.5459814481829424
笑傲江湖,易堂主,0.018860815945364318
笑傲江湖,长青子,0.24263960616730143
笑傲江湖,申人俊,0.14534347405025394
笑傲江湖,闻先生,0.3477661475422002
笑傲江湖,田伯光,3.5051093018735586
笑傲江湖,丁坚,0.3560637844557824
笑傲江湖,假东方不败,0.0062752946311828125
笑傲江湖,定逸,2.94926627934754
笑傲江湖,定静师太,0.7654663636465721
笑傲江湖,王诚,0.09998700324104703
笑傲江湖,易师爷,0.25255085434680086
笑傲江湖,丹青生,1.4249827927593712
笑傲江湖,王家骏,0.17047447325186632
笑傲江湖,王家驹,0.2463455411945678
笑傲江湖,侯人英,0.2606452878807124
笑傲江湖,封不平,0.5775041273053012
笑傲江湖,王元霸,0.7220632997368959
笑傲江湖,王伯奋,0.3156234841123368
笑傲江湖,王仲强,0.27790417333470374
笑傲江湖,王二叔,0.025369353538858795
笑傲江湖,玉音子,0.3651579054730234
笑傲江湖,玉钟子,0.012572184178028294
笑傲江湖,玉磬子,0.4158131312420067
笑傲江湖,玉玑子,0.521495140873625
笑傲江湖,玉灵道人,0.4178715866150815
笑傲江湖,余沧海,3.5162529644641616
笑傲江湖,余人彦,0.18495650183761456
笑傲江湖,陆伯,0.012538415652399063
笑傲江湖,陆大有,1.8435773367494976
笑傲江湖,岳灵珊,5.769171782978086
笑傲江湖,狄镖头,0.01988799176728688
笑傲江湖,狄修,0.11934911229019854
笑傲江湖,崔镖头,0.17123753761956684
笑傲江湖,陈七,0.20997616786785595
笑傲江湖,左冷禅,3.8799290629927703
笑傲江湖,何三七,0.3217116270964391
笑傲江湖,杜长老,0.09417446123671716
笑傲江湖,木高峰,1.5255606403451043
笑傲江湖,游迅,0.6301584144601574
笑傲江湖,平一指,0.7580980748759594
笑傲江湖,平夫人,0.07423448696208054
笑傲江湖,方人智,0.45398511977280054
笑傲江湖,万大平,0.03155794970114812
笑傲江湖,陈歪嘴,0.050545300058005636
笑傲江湖,麻衣汉子,0.018865445837461404
笑傲江湖,建除,0.10756642426649314
笑傲江湖,严三星,0.3866001414910612
笑傲江湖,黄伯流,0.4009002036743948
笑傲江湖,洪人雄,0.39978376855921266
笑傲江湖,任盈盈,0.08188756591287671
笑傲江湖,任我行,4.035503980892742
笑傲江湖,陶钧,0.1644853714307939
笑傲江湖,震山子,0.14071886112726253
笑傲江湖,张夫人,0.6107825407099324
笑傲江湖,方生,0.6061407559076046
笑傲江湖,沙天江,0.08792634870263483
笑傲江湖,方证,3.2992449166339917
笑傲江湖,仪琳,4.846739270411128
笑傲江湖,仪清,1.7303796144784767
笑傲江湖,施令威,0.2749589676413902
笑傲江湖,仪和,2.176237534621739
笑傲江湖,黄国柏,0.13866912855930816
笑傲江湖,施戴子,0.6323190298120428
笑傲江湖,曲非烟,0.5660121465668875
笑傲江湖,东方不败,2.7286972555369324
笑傲江湖,丛不弃,0.08779543252297578
笑傲江湖,黄钟公,1.062716573703079
笑傲江湖,不戒和尚,1.1235328039418038
笑傲江湖,令狐冲,23.54882120384414
笑傲江湖,上官云,1.0478799944821788
笑傲江湖,仇松年,0.5801379864440727
笑傲江湖,风清扬,0.770212017649164
笑傲江湖,司马大,0.18778408127055324
笑傲江湖,吉人通,0.13911701354760025
笑傲江湖,向大年,0.30230158529871937
笑傲江湖,向问天,3.4251945412183185
笑傲江湖,史镖头,0.42903868520309363
笑傲江湖,于嫂,0.5664204450400471
笑傲江湖,于人豪,0.43471421028581775
笑傲江湖,曲洋,0.4965963902727236
笑傲江湖,高克新,0.27600860599480975
笑傲江湖,蓝凤凰,0.565535421861084
笑傲江湖,成不忧,0.4135961359632023
笑傲江湖,史登达,0.20778088399033334
笑傲江湖,梁发,0.4173699101913708
笑傲江湖,葛长老,0.15691307988872064
笑傲江湖,高明根,0.06328884316185499
笑傲江湖,吴天德,0.06906589222234105
笑傲江湖,吴柏英,0.04383242797455496
笑傲江湖,桑三娘,0.15011797054200707
笑傲江湖,西宝,0.049723071117146425
笑傲江湖,英白罗,0.2023900925693913
笑傲江湖,觉月,0.21417041690059324
笑傲江湖,桃花仙,2.2176596009708294
笑傲江湖,桃根仙,2.623986584352659
笑傲江湖,桃枝仙,2.381089297924397
笑傲江湖,桃干仙,2.204883030503875
笑傲江湖,周孤桐,0.04383242797455495
笑傲江湖,计无施,0.9945853256767103
笑傲江湖,舒奇,0.1264397750569764
笑傲江湖,桃实仙,1.7997559074383698
笑傲江湖,桃叶仙,1.598313151207116
笑傲江湖,卜沉,0.0753785658937764
笑傲江湖,谭迪人,0.056501991198313894
笑傲江湖,聋哑婆婆,0.056397298452306024
笑傲江湖,费彬,0.7416905539549324
笑傲江湖,哑婆婆,0.2574543330601087
笑傲江湖,贾人达,0.224979743815159
笑傲江湖,贾布,0.35035986779483946
笑傲江湖,鲁连荣,0.08813913862235193
笑傲江湖,成高道人,0.013225895059711352
笑傲江湖,鲍大楚,0.6203120215563147
笑傲江湖,老不死,0.3657841140742283
笑傲江湖,丁勉,0.48201361444926216
笑傲江湖,罗人杰,0.623978563450429
笑傲江湖,岳不群,8.914965453791233
白马啸西风,瓦尔拉齐,0.034040525649098305
白马啸西风,车尔库,1.6542113287147995
白马啸西风,陈达海,1.5855922015251454
白马啸西风,李文秀,2.791895194942659
白马啸西风,桑斯,0.05107109873206468
神雕侠侣,子聪,0.0445155617442161
神雕侠侣,林朝英,0.23359543063325708
神雕侠侣,公孙绿萼,0.2898452288832627
神雕侠侣,催命鬼,0.05674618935329453
神雕侠侣,俏鬼,0.0699477779270205
神雕侠侣,阿根,0.02179474578522452
神雕侠侣,阿里,0.007248701071208247
神雕侠侣,陆二娘,0.08727000461999242
神雕侠侣,陆无双,1.660485517874258
神雕侠侣,霍都,1.3496689994815272
神雕侠侣,青灵子,0.03974700736677865
神雕侠侣,马光佐,0.5805841351156138
神雕侠侣,鹿清笃,0.29643903463121507
神雕侠侣,丧门鬼,0.06954120554999796
神雕侠侣,张志光,0.08025279937011882
神雕侠侣,朱子柳,1.3800329440512387
神雕侠侣,无色,0.08258998484194671
神雕侠侣,张君宝,0.5154527650731496
神雕侠侣,无相禅师,0.08315233768678956
神雕侠侣,洪凌波,0.47758454349155816
神雕侠侣,张二叔,0.007363011001279573
神雕侠侣,潇湘子,1.7355549765798075
神雕侠侣,李莫愁,3.795183013659152
神雕侠侣,点苍渔隐,0.12159936105606953
神雕侠侣,煞神鬼,0.02225530713765013
神雕侠侣,尼摩星,1.2822589609097947
神雕侠侣,尹克西,1.4243241549627295
神雕侠侣,小龙女,7.686437587835096
神雕侠侣,小棒头,0.034727408691915006
神雕侠侣,王十三,0.011194324968770186
神雕侠侣,完颜萍,0.8076883329146167
神雕侠侣,杨过,16.752898583518178
神雕侠侣,申志凡,0.0905590755371636
神雕侠侣,宋五,0.08034805749279988
神雕侠侣,柔儿,0.0880945623855683
神雕侠侣,公孙止,1.1668146995118565
神雕侠侣,孙婆婆,0.8163708991728963
神雕侠侣,天竺僧,0.34313488635036316
神雕侠侣,大头鬼,0.3281275516863433
神雕侠侣,笑脸鬼,0.13359730000052442
神雕侠侣,忽必烈,0.7795741955703639
神雕侠侣,耶律晋,0.10527702680486714
神雕侠侣,耶律楚材,0.13930927799726173
神雕侠侣,耶律燕,0.3797960709922939
神雕侠侣,耶律齐,1.5191350273717776
神雕侠侣,樊一翁,0.5805781346659836
神雕侠侣,蒙哥,0.13997934175132942
神雕侠侣,蓝天和,0.05671697346805094
神雕侠侣,武三娘,0.27377256904335745
神雕侠侣,藏边五丑,0.0914398394522072
神雕侠侣,吊死鬼,0.255211364328514
神雕侠侣,武三通,1.3137446050711548
神雕侠侣,裘千尺,1.0156580204134795
神雕侠侣,史季强,0.28573195502626975
神雕侠侣,史叔刚,0.18310556173907527
神雕侠侣,史伯威,0.18598958209102553
神雕侠侣,史仲猛,0.1905969260908723
神雕侠侣,觉远,0.6604561370114372
神雕侠侣,讨债鬼,0.019945320345609988
神雕侠侣,武修文,1.2644195256930146
神雕侠侣,武敦儒,0.9487219034633411
神雕侠侣,达尔巴,0.7876916876928732
神雕侠侣,郭破虏,0.16221296456355266
神雕侠侣,郭芙,4.227843979528246
神雕侠侣,郭襄,3.175411141086944
神雕侠侣,鄂尔多,0.014606896309435369
神雕侠侣,冯默风,0.20560725282923537
神雕侠侣,金轮法王,2.1475756266242167
天龙八部,过彦之,0.8326602047659148
天龙八部,段延庆,2.945333919131618
天龙八部,鸠摩智,3.6238491085834204
天龙八部,严妈妈,0.2006206459675962
天龙八部,黄眉和尚,0.007142985739268024
天龙八部,不平道人,0.8038609734913879
天龙八部,单正,0.7270725216816406
天龙八部,黎夫人,0.04297046181980183
天龙八部,单小山,0.044794468879418264
天龙八部,丁春秋,4.16295194564779
天龙八部,单季山,0.05960071250422216
天龙八部,单叔山,0.0665962817032932
天龙八部,波罗星,0.5361706979874091
天龙八部,单伯山,0.08883685039199171
天龙八部,贾老者,0.07116230661305743
天龙八部,张全祥,0.05691225247861073
天龙八部,卓不凡,0.3520175676230897
天龙八部,无崖子,0.5110643195692124
天龙八部,朴者和尚,0.03641041335909693
天龙八部,康广陵,0.8830449244236636
天龙八部,李傀儡,0.36616474414546174
天龙八部,幽草,0.10039988633977925
天龙八部,木婉清,4.161457713593434
天龙八部,平婆婆,0.30536892925215703
天龙八部,李春来,0.057503282769035345
天龙八部,李秋水,0.6686844249820224
天龙八部,游坦之,2.8741071145944628
天龙八部,游驹,0.14556606168678066
天龙八部,游骥,0.16042082490971993
天龙八部,华赫艮,0.7750686906695194
天龙八部,赫连铁树,0.2723024999708381
天龙八部,巴天石,2.449751402032382
天龙八部,左子穆,0.5684884319773075
天龙八部,来福儿,0.04285791443560814
天龙八部,赵钱孙,1.6091639400642628
天龙八部,崔绿华,0.11493245647138373
天龙八部,崔百泉,1.2672496480769826
天龙八部,岳老三,0.3059953981856263
天龙八部,狮鼻子,0.007322466353866573
天龙八部,玄寂,0.8588819011549502
天龙八部,包不同,3.8339246755181775
天龙八部,玄慈,1.7165714653746234
天龙八部,玄生,0.3555358093446994
天龙八部,辛双清,0.18752935978036678
天龙八部,玄痛,0.6180427044765046
天龙八部,玄苦,0.48172717466548487
天龙八部,玄难,2.900433431727192
天龙八部,小沙弥,0.17589067485367282
天龙八部,努儿海,0.14372064967434414
天龙八部,摘星子,0.30474560926434063
天龙八部,王夫人,1.9348604817994024
天龙八部,容子矩,0.04246807326787097
天龙八部,王语嫣,6.788572196109474
天龙八部,室里,0.2813568844084996
天龙八部,宗赞王子,0.10701650003304804
天龙八部,瑞婆婆,0.36230995614488487
天龙八部,甘宝宝,0.9084981008110785
天龙八部,邓百川,2.9456461881072347
天龙八部,宋长老,0.45749717168852383
天龙八部,智光大师,0.2780464457139935
天龙八部,白世镜,0.7890779058823811
天龙八部,刘竹庄,0.050354609449304484
天龙八部,枯荣长老,0.007039654114883594
天龙八部,桑土公,0.516204955572013
天龙八部,孟师叔,0.015642765281225483
天龙八部,郁光标,0.32574614872168794
天龙八部,石嫂,0.21668783755734392
天龙八部,段正明,0.36240159064354166
天龙八部,石清露,0.208276889326147
天龙八部,慧观,0.21998744269381043
天龙八部,姜师叔,0.038301601317197925
天龙八部,祁六三,0.014587420902115362
天龙八部,慧真,0.2341469138265641
天龙八部,姚伯当,0.29525692419321936
天龙八部,神山上人,0.35234089076592867
天龙八部,奚长老,0.22885415469024378
天龙八部,神音,0.07863690362325622
天龙八部,慧方,0.5413970987975566
天龙八部,秦红棉,1.3998423212310527
天龙八部,慧净,0.19431358904612628
天龙八部,段正淳,5.689887674169955
天龙八部,天狼子,0.04331461615904676
天龙八部,程青霜,0.05254472816327271
天龙八部,天山童姥,0.6770888128999438
天龙八部,穆贵妃,0.09075860674131728
天龙八部,端木元,0.02865641743776266
天龙八部,大汉,0.02954484334551281
天龙八部,竹剑,0.3516386730077464
天龙八部,慕容复,6.5793904475256175
天龙八部,慕容博,0.6866922629900448
天龙八部,符敏仪,0.16325178983721453
天龙八部,梅剑,0.5148769052900846
天龙八部,缘根,0.1157570993954628
天龙八部,龚光杰,0.1268144864213973
天龙八部,刀白凤,0.7801570217818005
天龙八部,耶律洪基,0.2681392408649783
天龙八部,出尘子,0.06579026442796572
天龙八部,唐光雄,0.03538421640237638
天龙八部,哲罗星,0.35003638465423004
天龙八部,耶律莫哥,0.01576775248511662
天龙八部,段誉,15.747631350014535
天龙八部,哈大霸,0.10832476527795692
天龙八部,苏星河,1.9659708420977708
天龙八部,苟读,0.20824508342345308
天龙八部,吴领军,0.3301706982027102
天龙八部,吴长风,0.13681015901903215
天龙八部,梦姑,0.15214803454154888
天龙八部,范百龄,0.7319578477341171
天龙八部,范骅,1.1948012398965486
天龙八部,菊剑,0.5977611280317521
天龙八部,萧远山,0.44467022323414
天龙八部,葛光佩,0.0671157500252433
天龙八部,止清,0.2829053794410995
天龙八部,吴光胜,0.2237793673828414
天龙八部,薛慕华,1.0048191299812235
天龙八部,虚竹,6.523430722287882
天龙八部,司马林,0.513412399682387
天龙八部,司空玄,0.6329211270293824
天龙八部,叶二娘,1.617282603551367
天龙八部,徐长老,1.3038648504072758
天龙八部,褚万里,0.8955201078330046
天龙八部,兰剑,0.4260037363152594
天龙八部,冯阿三,0.4091746246994814
天龙八部,古笃诚,0.5325221350925342
天龙八部,钟万仇,1.7684399670862592
天龙八部,许卓诚,0.007242558214327904
天龙八部,公冶乾,2.2362504401547127
天龙八部,全冠清,1.0834853238762359
天龙八部,钟灵,2.742900666910458
天龙八部,本参,0.3333269009632381
天龙八部,易大彪,0.30884080891324417
天龙八部,诸保昆,0.35981139853102206
天龙八部,傅思归,0.47583020987974306
天龙八部,阮星竹,1.5194471328982853
天龙八部,阿朱,5.256532697262316
天龙八部,本因,0.5835203244628315
天龙八部,谭公,1.1394725112872566
天龙八部,阿洪,0.03556146339413925
天龙八部,阿碧,2.238762356614893
天龙八部,阿紫,4.145105087403808
天龙八部,阿胜,0.041675857463961324
天龙八部,余婆婆,0.09705627313794316
天龙八部,谭婆,1.230571911506385
天龙八部,本观,0.3545651739965811
天龙八部,陈孤雁,0.04324138852464162
天龙八部,谭青,0.10050666435130136
天龙八部,项长老,0.007302920408846284
天龙八部,风波恶,2.3077921009672897
天龙八部,马五德,0.1420735957773866
天龙八部,云岛主,0.050223395990946954
天龙八部,云中鹤,1.9214884366955725
天龙八部,马夫人,1.7169609664899377
天龙八部,高升泰,0.7453373160242075
天龙八部,乔峰,4.616850688389817
天龙八部,鲍千灵,0.12998871584923521
天龙八部,朱丹臣,2.706986759404772
天龙八部,乌老大,1.7083684550463325
书剑恩仇录,郑板桥,0.06200448286592164
书剑恩仇录,沈德潜,0.06200448286592164
连城诀,水笙,2.7150989669344647
连城诀,陆天抒,0.35482176830670786
连城诀,刘乘风,0.37957898756703257
连城诀,戚长发,0.8796393980197369
连城诀,孙均,0.4740592636321067
连城诀,丁典,1.38123958377994
连城诀,马大鸣,0.24032261137186817
连城诀,万圭,2.162320886427208
连城诀,万震山,2.271060477281417
连城诀,汪啸风,0.6521337375545344
连城诀,冯坦,0.31623511596571086
连城诀,水岱,0.7756820002755547
连城诀,凌退思,0.26495605394941935
连城诀,宝象和尚,0.016546294539036707
连城诀,水福,0.016543882207392696
连城诀,凌霜华,0.016582857273424595
连城诀,菊友,0.016610050396903366
连城诀,卜垣,0.6320307822441139
连城诀,吴坎,1.196636511432823
连城诀,教书先生,0.1342478102962999
连城诀,血刀老祖,0.9332124730513183
连城诀,狄云,6.298817379186379
连城诀,周圻,0.5225920272092248
连城诀,鱼贩头子,0.02481582331108904
连城诀,花铁干,1.9220823252995995
连城诀,戚芳,2.0663899991471997
连城诀,言达平,0.7883583959982597
连城诀,梅念笙,0.09789447373797629
连城诀,鲁坤,0.6151807647805133
神雕侠侣,王惟忠,0.17431924280013478
神雕侠侣,丁大全,0.19538559040028888
书剑恩仇录,袁枚,0.07153156254421424
鸳鸯刀,常长风,0.4598381090650786
鸳鸯刀,盖一鸣,0.7924157610651602
侠客行,石破天,9.926595773910808
侠客行,郑光芝,0.027467591927299646
侠客行,孙万年,0.1005330944174907
侠客行,褚万春,0.10053309441749071
侠客行,史小翠,0.21004385405454937
侠客行,天虚,0.5376624635813788
侠客行,汪万翼,0.262877474329608
侠客行,解文豹,0.029427553482497433
侠客行,大悲老人,0.20381860823517087
侠客行,冯振武,0.16065266423679792
侠客行,陈冲之,0.5520089042037833
侠客行,米横野,0.2729449584517242
侠客行,元澄道人,0.1604513425030145
侠客行,闵柔,3.01244370333276
侠客行,丑脸汉子,0.06192546415123374
侠客行,黄面道人,0.031034205511688888
侠客行,闻万夫,0.3811693685602641
侠客行,齐自勉,0.6546024731748091
侠客行,龙岛主,0.5902454312275225
侠客行,丁不四,2.4951888683153576
侠客行,丁不三,1.3154608097912859
侠客行,耿万钟,1.1607940454262256
侠客行,呼延万善,0.41290104437652214
侠客行,张三,1.8824038557137126
侠客行,温仁厚,0.04953745275732832
侠客行,李万山,0.00998462265491882
侠客行,廖自砺,0.5014741578492898
侠客行,梅文馨,0.19824149840620797
侠客行,李四,1.143458447255223
侠客行,李大元,0.01017375996277096
侠客行,花万紫,0.9520003762774092
侠客行,周牧,0.24692037227893054
侠客行,灵虚,0.16061481625404847
侠客行,梅芳姑,0.36635381368590497
侠客行,吴道通,0.2704710254200391
侠客行,范一飞,0.9671604273614537
侠客行,杨光,0.09965456966225772
侠客行,照虚,0.2602896602768809
侠客行,贝海石,2.0779018146789787
侠客行,展飞,0.22390347046747472
侠客行,谢烟客,1.807291958537642
侠客行,尤得胜,0.15480628012004316
侠客行,木岛主,0.3955524188539641
侠客行,小翠,0.2230311012126716
侠客行,风良,0.6982485605069086
侠客行,侍剑,0.41427328048239287
侠客行,王万仞,0.7746473000218415
侠客行,封万里,0.7717560341214541
侠客行,吕正平,0.7178853548540818
侠客行,白万剑,4.459522179599003
侠客行,安奉日,0.2702468380107513
侠客行,高三娘子,0.925869776795932
侠客行,邱山风,0.02085651318006912
侠客行,白自在,1.494008303838094
侠客行,柯万钧,0.5436350183817072
侠客行,成自学,0.7730253628601685
侠客行,司徒横,0.14811825687774607
侠客行,石中玉,1.8126276944431623
侠客行,石清,5.2709786295743335
侠客行,梁自进,0.6142204126608329
天龙八部,耶律涅鲁古,0.05003560735348988
天龙八部,耶律重元,0.05003560735348988
飞狐外传,田归农,2.0797297021455874
飞狐外传,王剑杰,1.2208275194291467
飞狐外传,何思豪,0.4176637422380547
飞狐外传,店伴,0.7832630686056083
飞狐外传,薛鹊,0.8916227453344309
飞狐外传,郭玉堂,0.4044860232014559
飞狐外传,邝宝官,0.00856349173055948
飞狐外传,于管家,0.29668961770533114
飞狐外传,刘元鹤,0.6771589106721662
飞狐外传,瘦商人,0.05279705102450538
飞狐外传,李廷豹,0.11172517458973433
飞狐外传,大智禅师,0.37843767343980556
飞狐外传,桑飞虹,0.5547780892223365
飞狐外传,童怀道,0.2468392178340949
飞狐外传,西灵道人,0.06318061437730647
飞狐外传,苗人凤,3.3728571781505527
飞狐外传,苗若兰,1.0816942587051703
飞狐外传,赛总管,0.4042457268550119
飞狐外传,石万嗔,0.9895993992268427
飞狐外传,张飞雄,0.11545856314261575
飞狐外传,杜希孟,0.20764111870818724
飞狐外传,文醉翁,0.18043451422015294
飞狐外传,倪不小,0.33196221507538104
飞狐外传,南兰,0.23014689431728236
飞狐外传,倪不大,0.33196221507538093
飞狐外传,易吉,0.19062966909535303
飞狐外传,安提督,0.9697381175206857
飞狐外传,蛇皮张,0.04071279691134282
飞狐外传,平阿四,0.4172319038266646
飞狐外传,崔百胜,0.026205911073930208
飞狐外传,范帮主,0.436306614666103
飞狐外传,慕容景岳,0.9310895304491807
飞狐外传,汤沛,1.427769640529442
飞狐外传,俞朝奉,0.025924866293431107
飞狐外传,孙伏虎,0.31130859988040444
飞狐外传,杨宾,0.24150539494490714
飞狐外传,补锅匠,0.19372683009959693
飞狐外传,凤七,0.04308022052877897
飞狐外传,欧阳公政,0.11484709105710338
飞狐外传,徐铮,2.4088445861093937
飞狐外传,殷仲翔,1.248027044534986
飞狐外传,钟兆文,0.18619821372453388
飞狐外传,曹猛,0.026205911073930208
飞狐外传,程灵素,6.0406977552558985
飞狐外传,姜铁山,0.5637106159829982
飞狐外传,姬晓峰,0.5056323543728175
飞狐外传,马春花,3.35618365710905
飞狐外传,姜小铁,0.0870252519958576
飞狐外传,孙刚峰,0.5614889827238203
飞狐外传,蒋调侯,0.045023281917098784
飞狐外传,袁紫衣,2.2766894148275427
飞狐外传,尉迟连,0.2136223245434223
飞狐外传,王剑英,2.170249841038919
飞狐外传,凤一鸣,0.11988888422783271
飞狐外传,相国夫人,0.10386704499956637
飞狐外传,秦耐之,0.8583427237511422
飞狐外传,王师兄,0.10199372808050376
飞狐外传,钟兆能,0.07645937334876743
飞狐外传,王掌柜,0.058444689508544395
飞狐外传,南仁通,0.10103358472011559
飞狐外传,中年武师,0.11625603901274174
飞狐外传,商宝震,2.165226558294177
飞狐外传,陈高波,0.11026293038083501
飞狐外传,商老太,2.0355241311258063
飞狐外传,黄希节,0.17246935384318865
飞狐外传,王老六,0.03594398958523594
飞狐外传,张总管,0.05345425709531179
飞狐外传,蓝秦,0.095188541102705
飞狐外传,蔡威,0.3336996116460391
飞狐外传,司徒雷,0.025300051499147498
飞狐外传,上官铁生,0.2273072425654697
飞狐外传,阎基,0.7133054083334988
飞狐外传,汪铁鹗,0.9934536587412355
飞狐外传,任通武,0.10217633805366363
飞狐外传,哈赤大师,0.0686987484913872
飞狐外传,刘之余,0.06804955395932433
飞狐外传,齐伯涛,0.11026293038083501
飞狐外传,木文察,0.07419711924174725
飞狐外传,无青子,0.2958489181772653
飞狐外传,陶百岁,0.6020553409129562
飞狐外传,福康安,3.710085984322918
飞狐外传,陈禹,0.9863827113528425
飞狐外传,宝树,0.7823922932749706
飞狐外传,钟兆英,0.1591954700723584
飞狐外传,王铁匠,0.16517967040477108
飞狐外传,琴儿,0.20868499216931446
飞狐外传,宗雄,0.1628461383216589
飞狐外传,聂钺,0.1831793105456625
飞狐外传,胖商人,0.06142425091499266
飞狐外传,马行空,1.8902270119620619
飞狐外传,胡一刀,1.1893044252651879
飞狐外传,曾铁鸥,0.7651734149219415
飞狐外传,胡大哥,1.8137342275882349
飞狐外传,张九,0.23337773926735214
飞狐外传,周隆,0.04947421858801776
飞狐外传,海兰弼,0.7430154310486532
飞狐外传,吕小妹,0.44715396639547894
飞狐外传,刘鹤真,0.6488114737878166
飞狐外传,胡斐,13.87813056935007
飞狐外传,褚轰,0.09294992741859325
白马啸西风,苏普,2.696735738716177
白马啸西风,马家骏,0.2054057294972883
白马啸西风,苏鲁克,2.131606649078488
白马啸西风,上官虹,0.3367604527209307
白马啸西风,霍元龙,0.5588313314429045
白马啸西风,史仲俊,0.35450764425460424
白马啸西风,李三,0.3864255905449125
白马啸西风,丁同,0.12050274535693153
碧血剑,孟铮,0.3681703670346387
碧血剑,曹化淳,1.0556794816157324
碧血剑,木桑道长,0.26563071735815696
碧血剑,朱安国,0.8757458040424423
碧血剑,李岩,1.1299696392541754
碧血剑,杨景亭,0.03809192527941873
碧血剑,杨鹏举,0.7575450792571473
碧血剑,梅剑和,2.3131037700920336
碧血剑,水云道人,0.22955652502419013
碧血剑,归辛树,2.6221110664465996
碧血剑,归二娘,2.454891251580816
碧血剑,张若谷,0.1819420611675997
碧血剑,水鉴,0.17160701919346585
碧血剑,张朝唐,0.9316654592838123
碧血剑,张春九,0.24874581334639495
碧血剑,张康,0.43573548875549944
碧血剑,沙广天,0.03798924599185531
碧血剑,沙老大,0.26814914672712725
碧血剑,洞玄,0.7061889779474779
碧血剑,张信,0.11988815571603134
碧血剑,洪胜海,2.866012107146759
碧血剑,温仪,0.6591963774801183
碧血剑,温南扬,0.5927964018354162
碧血剑,应松,0.6741955762031918
碧血剑,温方义,1.1958666514803051
碧血剑,温方山,1.3107637744839729
碧血剑,温方悟,0.83280999714313
碧血剑,温方施,0.6703114753493844
碧血剑,温方达,1.5586225443805963
碧血剑,温正,0.6685977640725971
碧血剑,温青,1.213072021872775
碧血剑,潘秀达,0.2683885698354501
碧血剑,焦公礼,1.7340237631147946
碧血剑,巴泰,0.15763139839521073
碧血剑,焦宛儿,2.7177761064100556
碧血剑,崔秋山,1.6404818732106137
碧血剑,崔希敏,1.8190820888545434
碧血剑,岑其斯,0.1918306436559375
碧血剑,小菊,0.11489621087133771
碧血剑,玉真子,1.0293782870312858
碧血剑,田见秀,0.12222656931668315
碧血剑,宋献策,0.15529320220936504
碧血剑,安小慧,1.2416280536529372
碧血剑,安大娘,1.264892172588364
碧血剑,安剑清,0.2202265021359524
碧血剑,白脸人,0.07612356700914605
碧血剑,宁完我,0.20905886760715314
碧血剑,皇太极,0.7514010122720685
碧血剑,孟铸,0.18505991091445695
碧血剑,孟伯飞,0.8690643294202387
碧血剑,孙仲寿,1.5083712324157679
碧血剑,石骏,0.15802037806885474
碧血剑,祖大寿,0.2973505156421675
碧血剑,秦栋,0.028561428948670763
碧血剑,程青竹,2.23166589579906
碧血剑,穆人清,1.737054379150114
碧血剑,多尔衮,0.6507205852995847
碧血剑,夏雪宜,0.19110972107446386
碧血剑,红娘子,0.508559030672821
碧血剑,罗立如,0.8286216009344061
碧血剑,老李,0.05663882527588256
碧血剑,胡桂南,1.6046394769524241
碧血剑,胡老三,0.15897255771246335
碧血剑,若克琳,0.13639163283300348
碧血剑,范文程,0.18055554768042992
碧血剑,吴平,0.2870431251456467
碧血剑,荣彩,0.5549819593917494
碧血剑,董开山,0.3922148239554241
碧血剑,吕七,0.9078623228436113
碧血剑,袁承志,16.618115162938683
碧血剑,史秉文,0.15313765300807283
碧血剑,史秉光,0.1811199438502264
碧血剑,谭文理,0.12458252785439683
碧血剑,单铁生,0.6585915848540648
碧血剑,刘芳亮,0.33084230346044585
碧血剑,刘宗敏,0.47293198491856303
碧血剑,刘培生,1.0891327338048593
碧血剑,郑起云,0.8275432164476145
碧血剑,冯难敌,0.8048340425241016
碧血剑,冯同知,0.22731577351178656
碧血剑,冯不破,0.43216419357579394
碧血剑,冯不摧,0.5001876164311252
碧血剑,钱通四,0.27000891767029384
碧血剑,闵子华,1.881482988303688
碧血剑,倪浩,0.7149236524669356
碧血剑,阿九,1.655766590771259
碧血剑,侯飞文,0.1892604476117395
碧血剑,何铁手,2.577479439431511
碧血剑,何红药,1.4723154739609627
碧血剑,何惕守,1.8124949670258177
碧血剑,马公子,0.10410234024037598
碧血剑,鲍承先,0.1905236238127435
碧血剑,黄二毛子,0.03805357937984616
碧血剑,黄真,1.9925454346120774
碧血剑,黄须人,0.07612356700914605
碧血剑,黎刚,0.3614653452029146
碧血剑,万里风,0.2663482144714022
碧血剑,齐云,0.545957270084414
碧血剑,丁游,0.15883969640616097
碧血剑,龙德邻,0.2280322023258077
碧血剑,罗大千,0.06701785345071459
